year,ratio,date,period,estimated temperature,upper limit,lower limit,observed temperature,urban bias was subtracted (Hikone),urban bias was subtracted (Kameoka)
801,,,800,,,,,,
802,,,800,,,,,,
803,,,800,,,,,,
804,,,800,,,,,,
805,,,800,,,,,,
806,,,800,,,,,,
807,,,800,,,,,,
808,,,800,,,,,,
809,,,800,,,,,,
810,,,800,,,,,,
811,,,800,,,,,,
812,92,401,800,,,,,,
813,,,800,,,,,,
814,,,800,,,,,,
815,105,415,800,,,,,,
816,,,800,,-50.00,-50.00,-50.00,-50.00,-50.00
817,,,800,,-50.00,-50.00,-50.00,-50.00,-50.00
818,,,800,,-50.00,-50.00,-50.00,-50.00,-50.00
819,,,800,,-50.00,-50.00,-50.00,-50.00,-50.00
820,,,800,,-50.00,-50.00,-50.00,-50.00,-50.00
821,,,800,,-50.00,-50.00,-50.00,-50.00,-50.00
822,,,800,,-50.00,-50.00,-50.00,-50.00,-50.00
823,,,800,,-50.00,-50.00,-50.00,-50.00,-50.00
824,,,800,,-50.00,-50.00,-50.00,-50.00,-50.00
825,,,800,,-50.00,-50.00,-50.00,-50.00,-50.00
826,,,800,,-50.00,-50.00,-50.00,-50.00,-50.00
827,,,800,,-50.00,-50.00,-50.00,-50.00,-50.00
828,,,800,,-50.00,-50.00,-50.00,-50.00,-50.00
829,,,800,,-50.00,-50.00,-50.00,-50.00,-50.00
830,,,800,,-50.00,-50.00,-50.00,-50.00,-50.00
831,96,406,800,,-50.00,-50.00,-50.00,-50.00,-50.00
832,,,800,,-50.00,-50.00,-50.00,-50.00,-50.00
833,,,800,,-50.00,-50.00,-50.00,-50.00,-50.00
834,,,800,,-50.00,-50.00,-50.00,-50.00,-50.00
835,,,800,,-50.00,-50.00,-50.00,-50.00,-50.00
836,,,800,,-50.00,-50.00,-50.00,-50.00,-50.00
837,,,800,,-50.00,-50.00,-50.00,-50.00,-50.00
838,,,800,,-50.00,-50.00,-50.00,-50.00,-50.00
839,,,800,,-50.00,-50.00,-50.00,-50.00,-50.00
840,,,800,,-50.00,-50.00,-50.00,-50.00,-50.00
841,,,800,,-50.00,-50.00,-50.00,-50.00,-50.00
842,,,800,,-50.00,-50.00,-50.00,-50.00,-50.00
843,,,800,,-50.00,-50.00,-50.00,-50.00,-50.00
844,,,800,,-50.00,-50.00,-50.00,-50.00,-50.00
845,,,800,,-50.00,-50.00,-50.00,-50.00,-50.00
846,,,800,,-50.00,-50.00,-50.00,-50.00,-50.00
847,,,800,,-50.00,-50.00,-50.00,-50.00,-50.00
848,,,800,,-50.00,-50.00,-50.00,-50.00,-50.00
849,,,800,,-50.00,-50.00,-50.00,-50.00,-50.00
850,,,800,,-50.00,-50.00,-50.00,-50.00,-50.00
851,108,418,800,,-50.00,-50.00,-50.00,-50.00,-50.00
852,,,800,,-50.00,-50.00,-50.00,-50.00,-50.00
853,104,414,800,,-50.00,-50.00,-50.00,-50.00,-50.00
854,,,800,5.87,10.99,0.75,-50.00,5.87,5.87
855,,,800,5.99,10.78,1.21,-50.00,5.99,5.99
856,,,800,6.12,10.60,1.64,-50.00,6.12,6.12
857,,,800,6.25,10.47,2.02,-50.00,6.25,6.25
858,,,800,6.37,10.39,2.35,-50.00,6.37,6.37
859,,,800,6.50,10.37,2.63,-50.00,6.50,6.50
860,,,800,6.62,10.42,2.83,-50.00,6.62,6.62
861,,,800,6.75,10.54,2.96,-50.00,6.75,6.75
862,,,800,6.88,10.73,3.03,-50.00,6.88,6.88
863,,,800,7.00,10.99,3.02,-50.00,7.00,7.00
864,100,409,800,7.13,11.31,2.95,-50.00,7.13,7.13
865,,,800,7.25,11.68,2.83,-50.00,7.25,7.25
866,106,416,800,7.38,12.10,2.66,-50.00,7.38,7.38
867,,,800,,-50.00,-50.00,-50.00,-50.00,-50.00
868,,,800,,-50.00,-50.00,-50.00,-50.00,-50.00
869,95,405,800,,-50.00,-50.00,-50.00,-50.00,-50.00
870,,,800,,-50.00,-50.00,-50.00,-50.00,-50.00
871,,,800,,-50.00,-50.00,-50.00,-50.00,-50.00
872,,,800,,-50.00,-50.00,-50.00,-50.00,-50.00
873,,,800,,-50.00,-50.00,-50.00,-50.00,-50.00
874,,,800,,-50.00,-50.00,-50.00,-50.00,-50.00
875,,,800,,-50.00,-50.00,-50.00,-50.00,-50.00
876,,,800,6.63,10.21,3.05,-50.00,6.63,6.63
877,,,800,6.51,9.40,3.62,-50.00,6.51,6.51
878,,,800,6.44,9.31,3.56,-50.00,6.44,6.44
879,,,800,6.42,8.69,4.14,-50.00,6.42,6.42
880,,,800,6.44,8.54,4.34,-50.00,6.44,6.44
881,,,800,6.44,8.11,4.77,-50.00,6.44,6.44
882,,,800,,-50.00,-50.00,-50.00,-50.00,-50.00
883,,,800,,-50.00,-50.00,-50.00,-50.00,-50.00
884,,,800,,-50.00,-50.00,-50.00,-50.00,-50.00
885,,,800,,-50.00,-50.00,-50.00,-50.00,-50.00
886,,,800,,-50.00,-50.00,-50.00,-50.00,-50.00
887,,,800,,-50.00,-50.00,-50.00,-50.00,-50.00
888,,,800,,-50.00,-50.00,-50.00,-50.00,-50.00
889,104,414,800,,-50.00,-50.00,-50.00,-50.00,-50.00
890,,,800,,-50.00,-50.00,-50.00,-50.00,-50.00
891,109,419,800,5.60,7.05,4.15,-50.00,5.60,5.60
892,108,417,800,5.71,7.00,4.42,-50.00,5.71,5.71
893,,,800,5.82,7.63,4.01,-50.00,5.82,5.82
894,106,416,800,5.95,7.66,4.24,-50.00,5.95,5.95
895,104,414,800,6.08,7.73,4.44,-50.00,6.08,6.08
896,104,413,800,6.22,7.84,4.59,-50.00,6.22,6.22
897,,,800,6.40,8.45,4.36,-50.00,6.40,6.40
898,,,800,6.23,7.57,4.89,-50.00,6.23,6.23
899,,,800,6.30,7.62,4.97,-50.00,6.30,6.30
900,,,900,6.36,7.70,5.03,-50.00,6.36,6.36
901,,,900,6.43,7.79,5.08,-50.00,6.43,6.43
902,102,412,900,6.65,8.23,5.08,-50.00,6.65,6.65
903,,,900,6.74,8.34,5.14,-50.00,6.74,6.74
904,,,900,6.83,8.48,5.19,-50.00,6.83,6.83
905,,,900,6.88,8.79,4.97,-50.00,6.88,6.88
906,,,900,6.98,8.96,5.00,-50.00,6.98,6.98
907,,,900,7.11,9.11,5.11,-50.00,7.11,7.11
908,98,407,900,6.93,8.34,5.53,-50.00,6.93,6.93
909,,,900,6.98,8.40,5.55,-50.00,6.98,6.98
910,,,900,7.08,8.57,5.58,-50.00,7.08,7.08
911,,,900,7.20,8.69,5.72,-50.00,7.20,7.20
912,95,404,900,7.35,9.09,5.60,-50.00,7.35,7.35
913,110,420,900,7.36,9.05,5.67,-50.00,7.36,7.36
914,,,900,7.37,9.03,5.70,-50.00,7.37,7.37
915,,,900,7.45,8.91,5.99,-50.00,7.45,7.45
916,,,900,7.48,8.92,6.04,-50.00,7.48,7.48
917,95,405,900,7.50,8.95,6.06,-50.00,7.50,7.50
918,,,900,7.40,9.01,5.79,-50.00,7.40,7.40
919,,,900,7.37,8.95,5.80,-50.00,7.37,7.37
920,,,900,7.34,8.90,5.79,-50.00,7.34,7.34
921,,,900,7.32,8.88,5.75,-50.00,7.32,7.32
922,,,900,7.29,8.87,5.70,-50.00,7.29,7.29
923,104,414,900,7.26,8.89,5.62,-50.00,7.26,7.26
924,,,900,7.21,9.10,5.31,-50.00,7.21,7.21
925,,,900,7.19,9.16,5.21,-50.00,7.19,7.19
926,98,408,900,6.85,8.85,4.84,-50.00,6.85,6.85
927,,,900,6.78,8.83,4.74,-50.00,6.78,6.78
928,,,900,6.61,8.59,4.63,-50.00,6.61,6.61
929,,,900,6.92,10.29,3.55,-50.00,6.92,6.92
930,97,407,900,6.77,10.21,3.34,-50.00,6.77,6.77
931,,,900,6.63,10.18,3.07,-50.00,6.63,6.63
932,,,900,6.48,10.21,2.76,-50.00,6.48,6.48
933,106,416,900,6.33,10.10,2.56,-50.00,6.33,6.33
934,,,900,6.40,9.07,3.73,-50.00,6.40,6.40
935,,,900,6.80,8.52,5.08,-50.00,6.80,6.80
936,,,900,6.79,8.50,5.07,-50.00,6.79,6.79
937,,,900,6.77,8.49,5.05,-50.00,6.77,6.77
938,,,900,6.76,8.50,5.01,-50.00,6.76,6.76
939,,,900,6.84,9.15,4.53,-50.00,6.84,6.84
940,,,900,7.40,9.95,4.84,-50.00,7.40,7.40
941,109,419,900,7.45,10.01,4.90,-50.00,7.45,7.45
942,,,900,6.82,9.60,4.05,-50.00,6.82,6.82
943,,,900,6.68,9.07,4.29,-50.00,6.68,6.68
944,,,900,6.78,8.87,4.69,-50.00,6.78,6.78
945,,,900,6.81,8.63,4.98,-50.00,6.81,6.81
946,,,900,6.47,9.48,3.47,-50.00,6.47,6.47
947,,,900,6.58,9.43,3.74,-50.00,6.58,6.58
948,,,900,6.72,9.41,4.03,-50.00,6.72,6.72
949,107,417,900,6.49,10.03,2.96,-50.00,6.49,6.49
950,95,405,900,6.71,9.53,3.90,-50.00,6.71,6.71
951,,,900,6.83,9.28,4.38,-50.00,6.83,6.83
952,,,900,6.94,9.02,4.87,-50.00,6.94,6.94
953,,,900,7.02,8.96,5.08,-50.00,7.02,7.02
954,,,900,7.10,8.84,5.35,-50.00,7.10,7.10
955,89,330,900,7.17,8.82,5.52,-50.00,7.17,7.17
956,,,900,7.25,8.82,5.67,-50.00,7.25,7.25
957,112,422,900,7.56,9.11,6.01,-50.00,7.56,7.56
958,109,419,900,7.54,9.00,6.08,-50.00,7.54,7.54
959,97,407,900,7.47,8.90,6.05,-50.00,7.47,7.47
960,101,410,900,7.43,8.73,6.14,-50.00,7.43,7.43
961,87,328,900,7.39,8.64,6.14,-50.00,7.39,7.39
962,,,900,7.23,8.57,5.90,-50.00,7.23,7.23
963,94,404,900,7.16,8.48,5.84,-50.00,7.16,7.16
964,,,900,7.10,8.35,5.85,-50.00,7.10,7.10
965,104,414,900,7.20,8.65,5.75,-50.00,7.20,7.20
966,98,408,900,7.08,8.55,5.61,-50.00,7.08,7.08
967,103,413,900,6.97,8.45,5.48,-50.00,6.97,6.97
968,,,900,6.85,8.38,5.33,-50.00,6.85,6.85
969,98,408,900,6.74,8.33,5.16,-50.00,6.74,6.74
970,,,900,7.07,8.37,5.77,-50.00,7.07,7.07
971,,,900,6.94,8.16,5.73,-50.00,6.94,6.94
972,107,416,900,6.93,8.21,5.66,-50.00,6.93,6.93
973,,,900,6.96,8.34,5.58,-50.00,6.96,6.96
974,108,418,900,7.14,8.43,5.85,-50.00,7.14,7.14
975,101,411,900,7.07,8.45,5.69,-50.00,7.07,7.07
976,,,900,7.06,8.44,5.69,-50.00,7.06,7.06
977,112,422,900,6.84,7.87,5.81,-50.00,6.84,6.84
978,,,900,6.82,7.88,5.76,-50.00,6.82,6.82
979,104,414,900,6.73,7.76,5.69,-50.00,6.73,6.73
980,,,900,6.74,7.83,5.66,-50.00,6.74,6.74
981,,,900,6.76,7.97,5.55,-50.00,6.76,6.76
982,,,900,6.75,8.16,5.34,-50.00,6.75,6.75
983,,,900,6.79,8.45,5.12,-50.00,6.79,6.79
984,,,900,6.84,8.61,5.07,-50.00,6.84,6.84
985,94,404,900,6.48,7.95,5.00,-50.00,6.48,6.48
986,,,900,6.52,8.05,4.99,-50.00,6.52,6.52
987,,,900,6.57,8.17,4.98,-50.00,6.57,6.57
988,,,900,6.64,8.38,4.90,-50.00,6.64,6.64
989,100,410,900,5.91,7.78,4.05,-50.00,5.91,5.91
990,,,900,5.98,8.32,3.64,-50.00,5.98,5.98
991,104,414,900,6.20,8.16,4.23,-50.00,6.20,6.20
992,,,900,6.16,7.85,4.48,-50.00,6.16,6.16
993,,,900,6.57,8.89,4.24,-50.00,6.57,6.57
994,,,900,6.48,8.77,4.20,-50.00,6.48,6.48
995,,,900,6.74,10.03,3.44,-50.00,6.74,6.74
996,,,900,6.60,9.81,3.39,-50.00,6.60,6.60
997,,,900,6.46,9.63,3.29,-50.00,6.46,6.46
998,,,900,6.32,9.49,3.15,-50.00,6.32,6.32
999,,,900,6.08,9.39,2.77,-50.00,6.08,6.08
1000,105,415,1000,5.92,9.23,2.61,-50.00,5.92,5.92
1001,,,1000,5.64,8.16,3.12,-50.00,5.64,5.64
1002,,,1000,5.79,7.64,3.95,-50.00,5.79,5.79
1003,,,1000,5.67,7.48,3.86,-50.00,5.67,5.67
1004,117,426,1000,5.80,7.31,4.28,-50.00,5.80,5.80
1005,,,1000,5.53,7.18,3.88,-50.00,5.53,5.53
1006,100,410,1000,5.53,7.11,3.94,-50.00,5.53,5.53
1007,106,416,1000,5.29,7.34,3.24,-50.00,5.29,5.29
1008,,,1000,5.32,7.24,3.40,-50.00,5.32,5.32
1009,,,1000,5.35,7.17,3.53,-50.00,5.35,5.35
1010,,,1000,5.38,7.14,3.63,-50.00,5.38,5.38
1011,,,1000,5.42,7.14,3.69,-50.00,5.42,5.42
1012,,,1000,5.45,7.18,3.71,-50.00,5.45,5.45
1013,,,1000,5.48,7.27,3.69,-50.00,5.48,5.48
1014,115,425,1000,5.14,6.80,3.48,-50.00,5.14,5.14
1015,,,1000,5.10,6.80,3.41,-50.00,5.10,5.10
1016,111,420,1000,5.41,7.24,3.57,-50.00,5.41,5.41
1017,99,409,1000,5.30,6.88,3.72,-50.00,5.30,5.30
1018,113,423,1000,5.41,6.91,3.92,-50.00,5.41,5.41
1019,98,408,1000,5.62,7.22,4.03,-50.00,5.62,5.62
1020,,,1000,5.89,7.38,4.41,-50.00,5.89,5.89
1021,,,1000,5.92,7.27,4.57,-50.00,5.92,5.92
1022,,,1000,5.73,7.32,4.14,-50.00,5.73,5.73
1023,,,1000,5.66,7.53,3.79,-50.00,5.66,5.66
1024,,,1000,5.74,7.56,3.92,-50.00,5.74,5.74
1025,,,1000,5.82,7.62,4.03,-50.00,5.82,5.82
1026,,,1000,5.87,7.49,4.24,-50.00,5.87,5.87
1027,,,1000,5.94,7.57,4.32,-50.00,5.94,5.94
1028,,,1000,6.02,7.66,4.38,-50.00,6.02,6.02
1029,116,426,1000,6.09,7.77,4.41,-50.00,6.09,6.09
1030,,,1000,6.26,7.82,4.70,-50.00,6.26,6.26
1031,97,407,1000,6.26,7.64,4.89,-50.00,6.26,6.26
1032,111,420,1000,6.39,7.78,5.01,-50.00,6.39,6.39
1033,102,412,1000,6.04,7.45,4.64,-50.00,6.04,6.04
1034,96,406,1000,6.32,7.93,4.71,-50.00,6.32,6.32
1035,,,1000,6.11,7.62,4.60,-50.00,6.11,6.11
1036,104,413,1000,6.10,7.55,4.65,-50.00,6.10,6.10
1037,,,1000,6.08,7.49,4.67,-50.00,6.08,6.08
1038,,,1000,6.07,7.47,4.67,-50.00,6.07,6.07
1039,,,1000,6.06,7.47,4.65,-50.00,6.06,6.06
1040,,,1000,6.04,7.49,4.59,-50.00,6.04,6.04
1041,103,413,1000,6.03,7.54,4.52,-50.00,6.03,6.03
1042,,,1000,6.02,7.61,4.42,-50.00,6.02,6.02
1043,,,1000,6.01,7.70,4.31,-50.00,6.01,6.01
1044,,,1000,5.99,7.81,4.18,-50.00,5.99,5.99
1045,,,1000,6.01,7.62,4.40,-50.00,6.01,6.01
1046,103,413,1000,6.63,7.97,5.29,-50.00,6.63,6.63
1047,,,1000,6.53,8.01,5.04,-50.00,6.53,6.53
1048,112,421,1000,6.68,8.18,5.19,-50.00,6.68,6.68
1049,,,1000,6.67,8.42,4.91,-50.00,6.67,6.67
1050,105,415,1000,6.45,8.62,4.28,-50.00,6.45,6.45
1051,,,1000,6.34,7.98,4.70,-50.00,6.34,6.34
1052,,,1000,6.29,8.37,4.21,-50.00,6.29,6.29
1053,,,1000,6.34,8.40,4.27,-50.00,6.34,6.34
1054,,,1000,6.38,8.46,4.31,-50.00,6.38,6.38
1055,,,1000,6.43,8.54,4.31,-50.00,6.43,6.43
1056,,,1000,6.01,7.82,4.21,-50.00,6.01,6.01
1057,,,1000,5.95,8.12,3.78,-50.00,5.95,5.95
1058,,,1000,6.02,7.81,4.24,-50.00,6.02,6.02
1059,,,1000,6.02,7.79,4.26,-50.00,6.02,6.02
1060,108,417,1000,6.03,7.80,4.26,-50.00,6.03,6.03
1061,92,402,1000,6.03,7.82,4.24,-50.00,6.03,6.03
1062,,,1000,5.96,8.15,3.77,-50.00,5.96,5.96
1063,,,1000,5.98,8.20,3.75,-50.00,5.98,5.98
1064,,,1000,6.22,8.97,3.48,-50.00,6.22,6.22
1065,,,1000,6.36,8.38,4.34,-50.00,6.36,6.36
1066,105,415,1000,6.53,9.42,3.63,-50.00,6.53,6.53
1067,,,1000,6.48,9.27,3.69,-50.00,6.48,6.48
1068,,,1000,6.65,8.97,4.32,-50.00,6.65,6.65
1069,,,1000,6.35,9.09,3.60,-50.00,6.35,6.35
1070,,,1000,6.28,8.94,3.62,-50.00,6.28,6.28
1071,113,423,1000,6.21,8.81,3.61,-50.00,6.21,6.21
1072,,,1000,6.14,8.72,3.56,-50.00,6.14,6.14
1073,103,413,1000,6.19,8.32,4.07,-50.00,6.19,6.19
1074,,,1000,6.14,8.26,4.03,-50.00,6.14,6.14
1075,,,1000,6.15,7.97,4.34,-50.00,6.15,6.15
1076,,,1000,6.33,8.59,4.07,-50.00,6.33,6.33
1077,,,1000,5.73,7.72,3.75,-50.00,5.73,5.73
1078,,,1000,5.75,7.44,4.06,-50.00,5.75,5.75
1079,,,1000,5.77,7.41,4.12,-50.00,5.77,5.77
1080,102,411,1000,5.87,7.43,4.32,-50.00,5.87,5.87
1081,,,1000,6.04,7.69,4.39,-50.00,6.04,6.04
1082,,,1000,5.93,7.95,3.91,-50.00,5.93,5.93
1083,96,406,1000,6.02,7.89,4.15,-50.00,6.02,6.02
1084,120,429,1000,6.07,7.72,4.43,-50.00,6.07,6.07
1085,,,1000,6.15,7.74,4.56,-50.00,6.15,6.15
1086,,,1000,6.23,7.79,4.68,-50.00,6.23,6.23
1087,,,1000,6.45,7.72,5.19,-50.00,6.45,6.45
1088,104,413,1000,6.49,7.72,5.26,-50.00,6.49,6.49
1089,,,1000,6.37,7.69,5.04,-50.00,6.37,6.37
1090,105,415,1000,6.31,7.63,4.98,-50.00,6.31,6.31
1091,,,1000,6.28,7.55,5.01,-50.00,6.28,6.28
1092,,,1000,6.26,7.41,5.11,-50.00,6.26,6.26
1093,105,415,1000,6.24,7.35,5.12,-50.00,6.24,6.24
1094,,,1000,6.21,7.31,5.11,-50.00,6.21,6.21
1095,100,410,1000,6.19,7.29,5.09,-50.00,6.19,6.19
1096,96,405,1000,6.02,7.23,4.80,-50.00,6.02,6.02
1097,,,1000,6.03,7.13,4.93,-50.00,6.03,6.03
1098,100,410,1000,5.99,7.09,4.90,-50.00,5.99,5.99
1099,103,413,1000,5.90,6.91,4.89,-50.00,5.90,5.90
1100,,,1100,6.25,7.19,5.31,-50.00,6.25,6.25
1101,,,1100,6.20,7.13,5.27,-50.00,6.20,6.20
1102,104,414,1100,6.12,7.05,5.18,-50.00,6.12,6.12
1103,,,1100,6.16,6.98,5.35,-50.00,6.16,6.16
1104,108,417,1100,6.16,7.04,5.27,-50.00,6.16,6.16
1105,114,424,1100,6.16,6.97,5.36,-50.00,6.16,6.16
1106,,,1100,6.18,7.07,5.29,-50.00,6.18,6.18
1107,105,415,1100,6.13,7.03,5.24,-50.00,6.13,6.13
1108,,,1100,5.99,6.96,5.02,-50.00,5.99,5.99
1109,,,1100,6.17,7.08,5.26,-50.00,6.17,6.17
1110,,,1100,6.06,7.00,5.12,-50.00,6.06,6.06
1111,113,423,1100,5.97,6.87,5.06,-50.00,5.97,5.97
1112,104,413,1100,5.77,6.52,5.03,-50.00,5.77,5.77
1113,,,1100,5.70,6.45,4.96,-50.00,5.70,5.70
1114,100,410,1100,5.59,6.27,4.91,-50.00,5.59,5.59
1115,,,1100,5.54,6.23,4.85,-50.00,5.54,5.54
1116,,,1100,5.58,6.24,4.92,-50.00,5.58,5.58
1117,109,419,1100,5.60,6.24,4.95,-50.00,5.60,5.60
1118,102,412,1100,5.54,6.25,4.83,-50.00,5.54,5.54
1119,,,1100,5.56,6.22,4.90,-50.00,5.56,5.56
1120,104,413,1100,5.58,6.28,4.88,-50.00,5.58,5.58
1121,,,1100,5.74,6.39,5.09,-50.00,5.74,5.74
1122,,,1100,5.74,6.38,5.09,-50.00,5.74,5.74
1123,112,422,1100,5.72,6.41,5.03,-50.00,5.72,5.72
1124,98,407,1100,5.61,6.32,4.89,-50.00,5.61,5.61
1125,111,421,1100,5.66,6.32,5.00,-50.00,5.66,5.66
1126,108,418,1100,5.58,6.24,4.92,-50.00,5.58,5.58
1127,107,417,1100,5.67,6.41,4.93,-50.00,5.67,5.67
1128,111,420,1100,5.61,6.37,4.85,-50.00,5.61,5.61
1129,106,416,1100,5.56,6.32,4.79,-50.00,5.56,5.56
1130,103,413,1100,5.48,6.13,4.83,-50.00,5.48,5.48
1131,103,413,1100,5.45,6.10,4.80,-50.00,5.45,5.45
1132,,,1100,5.42,6.09,4.75,-50.00,5.42,5.42
1133,,,1100,5.42,6.17,4.67,-50.00,5.42,5.42
1134,106,416,1100,5.35,6.08,4.62,-50.00,5.35,5.35
1135,,,1100,5.32,6.08,4.55,-50.00,5.32,5.32
1136,,,1100,5.28,5.98,4.57,-50.00,5.28,5.28
1137,,,1100,5.25,5.99,4.52,-50.00,5.25,5.25
1138,,,1100,5.23,6.00,4.46,-50.00,5.23,5.23
1139,113,423,1100,5.67,6.49,4.85,-50.00,5.67,5.67
1140,103,412,1100,5.61,6.48,4.74,-50.00,5.61,5.61
1141,111,421,1100,6.11,7.49,4.73,-50.00,6.11,6.11
1142,,,1100,6.18,7.67,4.69,-50.00,6.18,6.18
1143,110,420,1100,6.25,7.89,4.61,-50.00,6.25,6.25
1144,,,1100,6.26,7.69,4.82,-50.00,6.26,6.26
1145,107,417,1100,6.30,7.89,4.71,-50.00,6.30,6.30
1146,,,1100,5.97,7.45,4.49,-50.00,5.97,5.97
1147,,,1100,5.87,7.64,4.10,-50.00,5.87,5.87
1148,,,1100,5.73,7.19,4.27,-50.00,5.73,5.73
1149,,,1100,5.84,7.26,4.42,-50.00,5.84,5.84
1150,,,1100,5.77,7.21,4.32,-50.00,5.77,5.77
1151,109,419,1100,5.93,7.47,4.40,-50.00,5.93,5.93
1152,,,1100,5.87,7.21,4.53,-50.00,5.87,5.87
1153,,,1100,5.92,7.24,4.61,-50.00,5.92,5.92
1154,96,406,1100,5.83,7.02,4.65,-50.00,5.83,5.83
1155,,,1100,5.89,7.05,4.72,-50.00,5.89,5.89
1156,90,330,1100,5.82,7.08,4.56,-50.00,5.82,5.82
1157,,,1100,6.04,7.34,4.74,-50.00,6.04,6.04
1158,,,1100,5.92,7.27,4.57,-50.00,5.92,5.92
1159,103,413,1100,6.14,7.76,4.52,-50.00,6.14,6.14
1160,,,1100,6.02,7.59,4.45,-50.00,6.02,6.02
1161,112,422,1100,6.27,8.20,4.34,-50.00,6.27,6.27
1162,,,1100,6.11,7.93,4.29,-50.00,6.11,6.11
1163,112,422,1100,5.95,7.68,4.22,-50.00,5.95,5.95
1164,100,409,1100,5.88,7.36,4.40,-50.00,5.88,5.88
1165,106,416,1100,5.88,7.15,4.61,-50.00,5.88,5.88
1166,95,405,1100,5.80,7.04,4.56,-50.00,5.80,5.80
1167,111,421,1100,5.95,7.23,4.66,-50.00,5.95,5.95
1168,,,1100,5.95,7.10,4.81,-50.00,5.95,5.95
1169,112,422,1100,5.82,7.00,4.65,-50.00,5.82,5.82
1170,113,423,1100,5.59,6.73,4.45,-50.00,5.59,5.59
1171,,,1100,5.52,6.64,4.39,-50.00,5.52,5.52
1172,103,412,1100,5.29,6.14,4.43,-50.00,5.29,5.29
1173,117,427,1100,5.29,6.09,4.48,-50.00,5.29,5.29
1174,112,422,1100,5.28,6.08,4.48,-50.00,5.28,5.28
1175,113,423,1100,5.17,5.97,4.37,-50.00,5.17,5.17
1176,113,422,1100,5.19,5.95,4.43,-50.00,5.19,5.19
1177,,,1100,5.24,6.03,4.44,-50.00,5.24,5.24
1178,,,1100,5.23,6.03,4.42,-50.00,5.23,5.23
1179,103,413,1100,5.10,6.01,4.19,-50.00,5.10,5.10
1180,98,407,1100,5.00,5.89,4.11,-50.00,5.00,5.00
1181,,,1100,4.96,5.90,4.02,-50.00,4.96,4.96
1182,104,414,1100,4.83,5.69,3.98,-50.00,4.83,4.83
1183,101,411,1100,4.85,5.77,3.94,-50.00,4.85,4.85
1184,115,424,1100,4.86,5.71,4.00,-50.00,4.86,4.86
1185,115,425,1100,4.98,5.84,4.13,-50.00,4.98,4.98
1186,,,1100,5.26,6.24,4.28,-50.00,5.26,5.26
1187,104,414,1100,5.28,6.22,4.35,-50.00,5.28,5.28
1188,107,416,1100,5.24,6.22,4.27,-50.00,5.24,5.24
1189,,,1100,5.30,6.15,4.46,-50.00,5.30,5.30
1190,112,422,1100,5.39,6.21,4.56,-50.00,5.39,5.39
1191,106,416,1100,5.48,6.31,4.64,-50.00,5.48,5.48
1192,,,1100,5.61,6.42,4.80,-50.00,5.61,5.61
1193,,,1100,5.61,6.42,4.80,-50.00,5.61,5.61
1194,119,429,1100,5.61,6.43,4.80,-50.00,5.61,5.61
1195,,,1100,5.48,6.30,4.66,-50.00,5.48,5.48
1196,,,1100,5.36,6.19,4.52,-50.00,5.36,5.36
1197,,,1100,5.52,6.42,4.61,-50.00,5.52,5.52
1198,,,1100,5.44,6.36,4.53,-50.00,5.44,5.44
1199,109,419,1100,5.38,6.43,4.33,-50.00,5.38,5.38
1200,104,413,1200,5.46,6.36,4.56,-50.00,5.46,5.46
1201,96,406,1200,5.65,6.49,4.81,-50.00,5.65,5.65
1202,106,416,1200,5.70,6.53,4.87,-50.00,5.70,5.70
1203,105,415,1200,5.66,6.59,4.73,-50.00,5.66,5.66
1204,110,419,1200,5.70,6.71,4.68,-50.00,5.70,5.70
1205,105,415,1200,5.69,6.58,4.79,-50.00,5.69,5.69
1206,,,1200,5.84,6.74,4.93,-50.00,5.84,5.84
1207,104,414,1200,5.83,6.82,4.85,-50.00,5.83,5.83
1208,,,1200,5.76,6.63,4.88,-50.00,5.76,5.76
1209,,,1200,5.79,6.65,4.93,-50.00,5.79,5.79
1210,112,422,1200,6.01,6.72,5.30,-50.00,6.01,6.01
1211,,,1200,6.00,6.67,5.32,-50.00,6.00,6.00
1212,98,407,1200,5.92,6.60,5.24,-50.00,5.92,5.92
1213,107,417,1200,5.89,6.57,5.21,-50.00,5.89,5.89
1214,102,412,1200,6.01,6.67,5.35,-50.00,6.01,6.01
1215,108,418,1200,6.10,6.76,5.45,-50.00,6.10,6.10
1216,101,410,1200,6.15,6.81,5.48,-50.00,6.15,6.15
1217,,,1200,6.18,7.01,5.36,-50.00,6.18,6.18
1218,,,1200,6.18,6.98,5.37,-50.00,6.18,6.18
1219,101,411,1200,6.20,7.05,5.34,-50.00,6.20,6.20
1220,109,418,1200,6.20,6.98,5.42,-50.00,6.20,6.20
1221,99,409,1200,6.38,7.45,5.32,-50.00,6.38,6.38
1222,,,1200,6.45,7.50,5.40,-50.00,6.45,6.45
1223,116,426,1200,6.47,7.60,5.35,-50.00,6.47,6.47
1224,,,1200,6.55,7.68,5.43,-50.00,6.55,6.55
1225,105,415,1200,6.51,7.53,5.49,-50.00,6.51,6.51
1226,106,416,1200,6.63,7.62,5.63,-50.00,6.63,6.63
1227,111,421,1200,6.67,7.69,5.65,-50.00,6.67,6.67
1228,,,1200,6.66,7.80,5.53,-50.00,6.66,6.66
1229,97,407,1200,6.55,7.58,5.51,-50.00,6.55,6.55
1230,102,412,1200,6.42,7.44,5.41,-50.00,6.42,6.42
1231,101,411,1200,6.56,7.58,5.54,-50.00,6.56,6.56
1232,92,401,1200,6.47,7.49,5.46,-50.00,6.47,6.47
1233,105,415,1200,6.49,7.51,5.47,-50.00,6.49,6.49
1234,,,1200,6.41,7.38,5.45,-50.00,6.41,6.41
1235,110,420,1200,6.19,7.23,5.15,-50.00,6.19,6.19
1236,87,327,1200,6.33,7.36,5.29,-50.00,6.33,6.33
1237,,,1200,6.25,7.32,5.18,-50.00,6.25,6.25
1238,,,1200,6.24,7.32,5.16,-50.00,6.24,6.24
1239,,,1200,6.30,7.43,5.18,-50.00,6.30,6.30
1240,106,415,1200,6.25,7.38,5.11,-50.00,6.25,6.25
1241,,,1200,6.23,7.47,4.99,-50.00,6.23,6.23
1242,,,1200,6.51,7.70,5.32,-50.00,6.51,6.51
1243,,,1200,6.60,7.92,5.27,-50.00,6.60,6.60
1244,108,417,1200,6.74,7.92,5.56,-50.00,6.74,6.74
1245,108,418,1200,6.66,7.88,5.44,-50.00,6.66,6.66
1246,98,408,1200,6.64,7.96,5.32,-50.00,6.64,6.64
1247,106,416,1200,6.76,8.05,5.47,-50.00,6.76,6.76
1248,,,1200,6.27,7.64,4.91,-50.00,6.27,6.27
1249,108,418,1200,6.33,7.70,4.95,-50.00,6.33,6.33
1250,116,426,1200,6.41,7.69,5.12,-50.00,6.41,6.41
1251,100,410,1200,6.55,7.92,5.17,-50.00,6.55,6.55
1252,,,1200,6.09,7.31,4.87,-50.00,6.09,6.09
1253,,,1200,6.12,7.26,4.99,-50.00,6.12,6.12
1254,110,420,1200,6.19,7.28,5.10,-50.00,6.19,6.19
1255,,,1200,6.24,7.32,5.16,-50.00,6.24,6.24
1256,,,1200,6.29,7.40,5.18,-50.00,6.29,6.29
1257,94,404,1200,6.35,7.44,5.25,-50.00,6.35,6.35
1258,,,1200,6.40,7.50,5.30,-50.00,6.40,6.40
1259,96,406,1200,6.46,7.57,5.34,-50.00,6.46,6.46
1260,,,1200,6.40,7.44,5.37,-50.00,6.40,6.40
1261,,,1200,6.47,7.54,5.39,-50.00,6.47,6.47
1262,97,407,1200,6.40,7.59,5.22,-50.00,6.40,6.40
1263,120,430,1200,6.23,7.39,5.06,-50.00,6.23,6.23
1264,103,412,1200,6.29,7.38,5.19,-50.00,6.29,6.29
1265,98,408,1200,6.38,7.46,5.30,-50.00,6.38,6.38
1266,,,1200,6.61,7.71,5.51,-50.00,6.61,6.61
1267,105,415,1200,6.56,7.72,5.39,-50.00,6.56,6.56
1268,103,412,1200,6.55,7.62,5.49,-50.00,6.55,6.55
1269,100,410,1200,6.57,7.56,5.59,-50.00,6.57,6.57
1270,,,1200,6.71,7.75,5.66,-50.00,6.71,6.71
1271,100,410,1200,6.57,7.67,5.47,-50.00,6.57,6.57
1272,,,1200,6.46,7.57,5.35,-50.00,6.46,6.46
1273,,,1200,6.27,7.25,5.29,-50.00,6.27,6.27
1274,,,1200,6.21,7.15,5.28,-50.00,6.21,6.21
1275,107,417,1200,6.06,6.93,5.20,-50.00,6.06,6.06
1276,,,1200,6.02,6.88,5.16,-50.00,6.02,6.02
1277,,,1200,5.98,6.80,5.16,-50.00,5.98,5.98
1278,113,423,1200,5.86,6.63,5.08,-50.00,5.86,5.86
1279,101,411,1200,6.15,6.88,5.42,-50.00,6.15,6.15
1280,102,411,1200,6.19,6.87,5.51,-50.00,6.19,6.19
1281,,,1200,6.07,6.70,5.45,-50.00,6.07,6.07
1282,,,1200,6.05,6.67,5.42,-50.00,6.05,6.05
1283,103,413,1200,6.04,6.72,5.37,-50.00,6.04,6.04
1284,102,411,1200,6.01,6.72,5.30,-50.00,6.01,6.01
1285,105,415,1200,5.93,6.62,5.23,-50.00,5.93,5.93
1286,112,422,1200,6.14,6.97,5.32,-50.00,6.14,6.14
1287,110,420,1200,6.15,7.29,5.02,-50.00,6.15,6.15
1288,108,417,1200,6.26,7.40,5.12,-50.00,6.26,6.26
1289,107,417,1200,6.36,7.52,5.20,-50.00,6.36,6.36
1290,,,1200,6.47,7.67,5.27,-50.00,6.47,6.47
1291,,,1200,6.56,7.86,5.27,-50.00,6.56,6.56
1292,107,416,1200,6.46,7.55,5.37,-50.00,6.46,6.46
1293,,,1200,6.54,7.67,5.40,-50.00,6.54,6.54
1294,101,411,1200,6.65,7.67,5.62,-50.00,6.65,6.65
1295,102,412,1200,6.69,7.90,5.47,-50.00,6.69,6.69
1296,,,1200,6.88,8.45,5.30,-50.00,6.88,6.88
1297,,,1200,6.86,8.27,5.45,-50.00,6.86,6.86
1298,,,1200,6.96,8.41,5.51,-50.00,6.96,6.96
1299,,,1200,6.87,8.29,5.46,-50.00,6.87,6.87
1300,,,1300,6.56,7.80,5.31,-50.00,6.56,6.56
1301,95,405,1300,6.52,7.72,5.31,-50.00,6.52,6.52
1302,96,406,1300,6.65,7.67,5.63,-50.00,6.65,6.65
1303,,,1300,6.80,7.75,5.86,-50.00,6.80,6.80
1304,,,1300,6.72,7.83,5.61,-50.00,6.72,6.72
1305,,,1300,6.89,8.19,5.59,-50.00,6.89,6.89
1306,,,1300,6.88,8.04,5.72,-50.00,6.88,6.88
1307,104,414,1300,6.81,7.92,5.71,-50.00,6.81,6.81
1308,,,1300,6.83,8.71,4.96,-50.00,6.83,6.83
1309,,,1300,6.82,8.43,5.21,-50.00,6.82,6.82
1310,,,1300,6.87,8.66,5.07,-50.00,6.87,6.87
1311,94,404,1300,7.06,9.14,4.98,-50.00,7.06,7.06
1312,100,409,1300,6.90,8.87,4.93,-50.00,6.90,6.90
1313,,,1300,6.74,8.62,4.86,-50.00,6.74,6.74
1314,101,411,1300,6.58,8.42,4.73,-50.00,6.58,6.58
1315,111,421,1300,6.46,8.16,4.76,-50.00,6.46,6.46
1316,103,412,1300,6.31,7.98,4.65,-50.00,6.31,6.31
1317,102,412,1300,6.11,7.77,4.45,-50.00,6.11,6.11
1318,,,1300,5.93,7.52,4.34,-50.00,5.93,5.93
1319,116,426,1300,5.79,7.32,4.25,-50.00,5.79,5.79
1320,,,1300,5.64,7.15,4.13,-50.00,5.64,5.64
1321,102,412,1300,5.50,7.01,3.99,-50.00,5.50,5.50
1322,106,416,1300,5.35,6.89,3.82,-50.00,5.35,5.35
1323,124,504,1300,5.24,6.93,3.55,-50.00,5.24,5.24
1324,98,407,1300,5.07,6.84,3.31,-50.00,5.07,5.07
1325,,,1300,4.90,6.77,3.04,-50.00,4.90,4.90
1326,107,417,1300,4.73,6.73,2.74,-50.00,4.73,4.73
1327,,,1300,4.88,6.30,3.45,-50.00,4.88,4.88
1328,,,1300,4.77,6.18,3.36,-50.00,4.77,4.77
1329,112,422,1300,5.10,6.26,3.94,-50.00,5.10,5.10
1330,108,418,1300,5.03,6.22,3.84,-50.00,5.03,5.03
1331,112,422,1300,5.11,6.23,3.98,-50.00,5.11,5.11
1332,115,424,1300,5.03,6.09,3.96,-50.00,5.03,5.03
1333,,,1300,4.93,6.08,3.79,-50.00,4.93,4.93
1334,,,1300,4.85,5.88,3.82,-50.00,4.85,4.85
1335,,,1300,5.12,6.16,4.08,-50.00,5.12,5.12
1336,,,1300,4.99,5.98,4.01,-50.00,4.99,4.99
1337,,,1300,4.88,5.91,3.84,-50.00,4.88,4.88
1338,,,1300,4.82,5.96,3.68,-50.00,4.82,4.82
1339,,,1300,5.09,6.06,4.12,-50.00,5.09,5.09
1340,,,1300,4.87,5.77,3.96,-50.00,4.87,4.87
1341,,,1300,4.69,5.56,3.83,-50.00,4.69,4.69
1342,110,420,1300,4.67,5.56,3.79,-50.00,4.67,4.67
1343,,,1300,4.67,5.47,3.86,-50.00,4.67,4.67
1344,102,411,1300,4.74,5.53,3.95,-50.00,4.74,4.74
1345,,,1300,4.89,5.82,3.97,-50.00,4.89,4.89
1346,107,417,1300,4.82,5.82,3.82,-50.00,4.82,4.82
1347,109,419,1300,4.87,5.94,3.79,-50.00,4.87,4.87
1348,,,1300,5.16,6.20,4.12,-50.00,5.16,5.16
1349,112,422,1300,5.17,6.09,4.24,-50.00,5.17,5.17
1350,101,411,1300,5.16,6.03,4.30,-50.00,5.16,5.16
1351,115,425,1300,5.15,5.96,4.34,-50.00,5.15,5.15
1352,,,1300,5.20,6.08,4.32,-50.00,5.20,5.20
1353,,,1300,5.36,6.64,4.09,-50.00,5.36,5.36
1354,,,1300,5.52,6.90,4.14,-50.00,5.52,5.52
1355,,,1300,5.56,6.79,4.32,-50.00,5.56,5.56
1356,117,426,1300,5.64,6.85,4.44,-50.00,5.64,5.64
1357,107,417,1300,5.72,6.88,4.57,-50.00,5.72,5.72
1358,110,420,1300,5.71,6.80,4.63,-50.00,5.71,5.71
1359,105,415,1300,5.78,6.85,4.71,-50.00,5.78,5.78
1360,101,410,1300,5.71,6.86,4.57,-50.00,5.71,5.71
1361,108,418,1300,5.82,6.97,4.68,-50.00,5.82,5.82
1362,,,1300,5.81,6.95,4.68,-50.00,5.81,5.81
1363,107,417,1300,5.85,6.96,4.73,-50.00,5.85,5.85
1364,110,419,1300,5.91,6.97,4.85,-50.00,5.91,5.91
1365,,,1300,6.02,7.03,5.00,-50.00,6.02,6.02
1366,112,422,1300,5.89,6.93,4.84,-50.00,5.89,5.89
1367,97,407,1300,6.04,6.96,5.12,-50.00,6.04,6.04
1368,88,328,1300,6.09,6.97,5.22,-50.00,6.09,6.09
1369,94,404,1300,6.18,7.05,5.31,-50.00,6.18,6.18
1370,109,419,1300,6.26,7.12,5.40,-50.00,6.26,6.26
1371,,,1300,6.28,7.09,5.48,-50.00,6.28,6.28
1372,102,411,1300,6.46,7.16,5.76,-50.00,6.46,6.46
1373,110,420,1300,6.54,7.24,5.84,-50.00,6.54,6.54
1374,,,1300,6.63,7.31,5.95,-50.00,6.63,6.63
1375,103,413,1300,6.67,7.37,5.97,-50.00,6.67,6.67
1376,99,408,1300,6.66,7.41,5.92,-50.00,6.66,6.66
1377,105,415,1300,6.73,7.48,5.98,-50.00,6.73,6.73
1378,104,414,1300,6.76,7.53,5.99,-50.00,6.76,6.76
1379,103,413,1300,6.80,7.60,6.01,-50.00,6.80,6.80
1380,102,411,1300,6.84,7.66,6.03,-50.00,6.84,6.84
1381,108,418,1300,6.83,7.69,5.97,-50.00,6.83,6.83
1382,105,415,1300,6.80,7.73,5.86,-50.00,6.80,6.80
1383,102,412,1300,6.71,7.59,5.83,-50.00,6.71,6.71
1384,98,407,1300,6.66,7.32,5.99,-50.00,6.66,6.66
1385,99,409,1300,6.68,7.36,6.00,-50.00,6.68,6.68
1386,105,415,1300,6.72,7.28,6.16,-50.00,6.72,6.72
1387,100,410,1300,6.69,7.20,6.18,-50.00,6.69,6.69
1388,99,408,1300,6.64,7.13,6.15,-50.00,6.64,6.64
1389,,,1300,6.70,7.13,6.27,-50.00,6.70,6.70
1390,,,1300,6.70,7.15,6.25,-50.00,6.70,6.70
1391,,,1300,6.72,7.16,6.29,-50.00,6.72,6.72
1392,,,1300,6.73,7.15,6.31,-50.00,6.73,6.73
1393,,,1300,6.57,7.09,6.06,-50.00,6.57,6.57
1394,,,1300,6.94,7.77,6.11,-50.00,6.94,6.94
1395,,,1300,6.94,7.76,6.12,-50.00,6.94,6.94
1396,,,1300,6.95,7.82,6.07,-50.00,6.95,6.95
1397,,,1300,7.18,8.11,6.26,-50.00,7.18,7.18
1398,106,416,1300,7.40,8.43,6.37,-50.00,7.40,7.40
1399,,,1300,7.43,8.53,6.33,-50.00,7.43,7.43
1400,,,1400,7.27,8.38,6.17,-50.00,7.27,7.27
1401,101,411,1400,7.19,8.34,6.03,-50.00,7.19,7.19
1402,103,413,1400,7.21,8.37,6.05,-50.00,7.21,7.21
1403,104,414,1400,7.18,8.44,5.91,-50.00,7.18,7.18
1404,,,1400,6.98,8.47,5.49,-50.00,6.98,6.98
1405,,,1400,7.07,8.44,5.70,-50.00,7.07,7.07
1406,102,412,1400,7.07,8.30,5.83,-50.00,7.07,7.07
1407,101,411,1400,7.07,8.23,5.91,-50.00,7.07,7.07
1408,111,420,1400,7.07,8.14,6.00,-50.00,7.07,7.07
1409,86,327,1400,7.06,8.05,6.08,-50.00,7.06,7.06
1410,102,412,1400,7.08,7.99,6.16,-50.00,7.08,7.08
1411,,,1400,7.10,7.95,6.24,-50.00,7.10,7.10
1412,93,402,1400,7.10,7.90,6.29,-50.00,7.10,7.10
1413,91,401,1400,7.10,7.89,6.32,-50.00,7.10,7.10
1414,,,1400,7.21,7.99,6.43,-50.00,7.21,7.21
1415,105,415,1400,7.15,7.91,6.38,-50.00,7.15,7.15
1416,101,410,1400,7.13,7.86,6.40,-50.00,7.13,7.13
1417,109,419,1400,7.10,7.84,6.36,-50.00,7.10,7.10
1418,98,408,1400,7.16,7.90,6.42,-50.00,7.16,7.16
1419,100,410,1400,7.11,7.96,6.26,-50.00,7.11,7.11
1420,112,421,1400,7.14,7.93,6.35,-50.00,7.14,7.14
1421,99,409,1400,7.13,7.88,6.37,-50.00,7.13,7.13
1422,109,419,1400,7.12,7.88,6.36,-50.00,7.12,7.12
1423,96,406,1400,7.14,7.90,6.38,-50.00,7.14,7.14
1424,103,412,1400,7.26,8.03,6.49,-50.00,7.26,7.26
1425,98,408,1400,7.10,7.71,6.49,-50.00,7.10,7.10
1426,99,409,1400,7.08,7.70,6.45,-50.00,7.08,7.08
1427,102,412,1400,7.05,7.68,6.43,-50.00,7.05,7.05
1428,,,1400,6.91,7.50,6.31,-50.00,6.91,6.91
1429,98,408,1400,6.72,7.26,6.17,-50.00,6.72,6.72
1430,108,418,1400,6.71,7.26,6.17,-50.00,6.71,6.71
1431,102,412,1400,6.67,7.24,6.10,-50.00,6.67,6.67
1432,104,413,1400,6.56,7.18,5.94,-50.00,6.56,6.56
1433,98,408,1400,6.70,7.32,6.08,-50.00,6.70,6.70
1434,113,423,1400,6.75,7.35,6.15,-50.00,6.75,6.75
1435,95,405,1400,6.75,7.35,6.15,-50.00,6.75,6.75
1436,101,410,1400,6.84,7.41,6.26,-50.00,6.84,6.84
1437,103,413,1400,6.92,7.53,6.31,-50.00,6.92,6.92
1438,99,409,1400,6.94,7.54,6.33,-50.00,6.94,6.94
1439,101,411,1400,6.84,7.43,6.25,-50.00,6.84,6.84
1440,98,407,1400,6.91,7.51,6.31,-50.00,6.91,6.91
1441,105,415,1400,6.83,7.43,6.23,-50.00,6.83,6.83
1442,,,1400,6.77,7.37,6.17,-50.00,6.77,6.77
1443,107,417,1400,6.68,7.32,6.04,-50.00,6.68,6.68
1444,109,418,1400,6.57,7.25,5.90,-50.00,6.57,6.57
1445,,,1400,6.45,7.14,5.76,-50.00,6.45,6.45
1446,108,418,1400,6.47,7.19,5.75,-50.00,6.47,6.47
1447,111,421,1400,6.43,7.16,5.71,-50.00,6.43,6.43
1448,96,405,1400,6.47,7.18,5.75,-50.00,6.47,6.47
1449,95,405,1400,6.41,7.09,5.72,-50.00,6.41,6.41
1450,100,410,1400,6.56,7.24,5.87,-50.00,6.56,6.56
1451,103,413,1400,6.46,7.09,5.82,-50.00,6.46,6.46
1452,92,401,1400,6.45,7.07,5.83,-50.00,6.45,6.45
1453,107,417,1400,6.47,7.08,5.86,-50.00,6.47,6.47
1454,105,415,1400,6.42,7.04,5.80,-50.00,6.42,6.42
1455,96,406,1400,6.38,7.02,5.74,-50.00,6.38,6.38
1456,106,415,1400,6.33,6.99,5.67,-50.00,6.33,6.33
1457,105,415,1400,6.22,6.92,5.52,-50.00,6.22,6.22
1458,112,422,1400,6.20,6.91,5.49,-50.00,6.20,6.20
1459,113,423,1400,6.32,7.03,5.60,-50.00,6.32,6.32
1460,111,420,1400,6.34,7.10,5.59,-50.00,6.34,6.34
1461,106,416,1400,6.40,7.12,5.68,-50.00,6.40,6.40
1462,106,416,1400,6.34,7.09,5.58,-50.00,6.34,6.34
1463,101,411,1400,6.23,7.12,5.35,-50.00,6.23,6.23
1464,104,413,1400,6.10,6.97,5.24,-50.00,6.10,6.10
1465,98,408,1400,6.04,6.81,5.28,-50.00,6.04,6.04
1466,105,415,1400,5.99,6.73,5.26,-50.00,5.99,5.99
1467,101,411,1400,5.95,6.69,5.21,-50.00,5.95,5.95
1468,101,410,1400,5.88,6.48,5.27,-50.00,5.88,5.88
1469,,,1400,5.99,6.63,5.36,-50.00,5.99,5.99
1470,,,1400,6.13,6.84,5.42,-50.00,6.13,6.13
1471,,,1400,6.09,6.85,5.33,-50.00,6.09,6.09
1472,114,423,1400,6.23,7.11,5.35,-50.00,6.23,6.23
1473,,,1400,6.24,7.12,5.36,-50.00,6.24,6.24
1474,98,408,1400,6.36,7.19,5.52,-50.00,6.36,6.36
1475,,,1400,6.52,7.32,5.72,-50.00,6.52,6.52
1476,100,409,1400,6.57,7.29,5.85,-50.00,6.57,6.57
1477,110,420,1400,6.56,7.25,5.86,-50.00,6.56,6.56
1478,115,425,1400,6.62,7.31,5.93,-50.00,6.62,6.62
1479,110,420,1400,6.56,7.26,5.86,-50.00,6.56,6.56
1480,104,413,1400,6.64,7.41,5.88,-50.00,6.64,6.64
1481,106,416,1400,6.60,7.43,5.77,-50.00,6.60,6.60
1482,108,418,1400,6.59,7.39,5.79,-50.00,6.59,6.59
1483,101,411,1400,6.58,7.44,5.71,-50.00,6.58,6.58
1484,97,406,1400,6.47,7.34,5.60,-50.00,6.47,6.47
1485,94,404,1400,6.55,7.41,5.69,-50.00,6.55,6.55
1486,99,409,1400,6.59,7.39,5.79,-50.00,6.59,6.59
1487,93,403,1400,6.53,7.28,5.77,-50.00,6.53,6.53
1488,103,412,1400,6.62,7.32,5.91,-50.00,6.62,6.62
1489,100,410,1400,6.52,7.24,5.80,-50.00,6.52,6.52
1490,97,407,1400,6.44,7.15,5.73,-50.00,6.44,6.44
1491,107,417,1400,6.41,7.10,5.72,-50.00,6.41,6.41
1492,108,417,1400,6.34,7.03,5.65,-50.00,6.34,6.34
1493,100,410,1400,6.33,7.06,5.60,-50.00,6.33,6.33
1494,106,416,1400,6.45,7.19,5.71,-50.00,6.45,6.45
1495,94,404,1400,6.45,7.26,5.63,-50.00,6.45,6.45
1496,97,406,1400,6.38,7.26,5.51,-50.00,6.38,6.38
1497,108,418,1400,6.36,7.29,5.42,-50.00,6.36,6.36
1498,97,407,1400,6.34,7.36,5.32,-50.00,6.34,6.34
1499,111,421,1400,6.30,7.30,5.30,-50.00,6.30,6.30
1500,97,407,1500,6.17,7.17,5.18,-50.00,6.17,6.17
1501,103,413,1500,6.07,6.96,5.19,-50.00,6.07,6.07
1502,115,425,1500,6.01,6.85,5.17,-50.00,6.01,6.01
1503,108,418,1500,5.80,6.60,5.00,-50.00,5.80,5.80
1504,114,423,1500,5.73,6.55,4.91,-50.00,5.73,5.73
1505,106,416,1500,5.68,6.45,4.92,-50.00,5.68,5.68
1506,106,416,1500,5.59,6.28,4.90,-50.00,5.59,5.59
1507,108,418,1500,5.63,6.31,4.95,-50.00,5.63,5.63
1508,111,420,1500,5.62,6.32,4.92,-50.00,5.62,5.62
1509,102,412,1500,5.54,6.21,4.87,-50.00,5.54,5.54
1510,110,420,1500,5.56,6.21,4.91,-50.00,5.56,5.56
1511,111,421,1500,5.38,5.95,4.81,-50.00,5.38,5.38
1512,109,418,1500,5.31,5.80,4.82,-50.00,5.31,5.31
1513,110,420,1500,5.32,5.81,4.83,-50.00,5.32,5.32
1514,105,415,1500,5.23,5.66,4.80,-50.00,5.23,5.23
1515,111,421,1500,5.26,5.69,4.84,-50.00,5.26,5.26
1516,104,413,1500,5.21,5.62,4.80,-50.00,5.21,5.21
1517,106,416,1500,5.16,5.58,4.75,-50.00,5.16,5.16
1518,115,425,1500,5.20,5.56,4.84,-50.00,5.20,5.20
1519,111,421,1500,5.20,5.56,4.84,-50.00,5.20,5.20
1520,105,414,1500,5.37,5.81,4.93,-50.00,5.37,5.37
1521,107,417,1500,5.36,5.80,4.92,-50.00,5.36,5.36
1522,103,413,1500,5.34,5.79,4.90,-50.00,5.34,5.34
1523,109,419,1500,5.31,5.74,4.87,-50.00,5.31,5.31
1524,109,418,1500,5.23,5.70,4.76,-50.00,5.23,5.23
1525,104,414,1500,5.06,5.58,4.53,-50.00,5.06,5.06
1526,113,423,1500,5.07,5.60,4.54,-50.00,5.07,5.07
1527,105,415,1500,5.15,5.69,4.62,-50.00,5.15,5.15
1528,106,415,1500,5.06,5.66,4.47,-50.00,5.06,5.06
1529,107,417,1500,5.09,5.69,4.49,-50.00,5.09,5.09
1530,107,417,1500,5.16,5.77,4.56,-50.00,5.16,5.16
1531,103,413,1500,5.16,5.77,4.54,-50.00,5.16,5.16
1532,108,417,1500,5.16,5.76,4.56,-50.00,5.16,5.16
1533,111,421,1500,5.05,5.69,4.42,-50.00,5.05,5.05
1534,108,418,1500,5.04,5.73,4.35,-50.00,5.04,5.04
1535,95,405,1500,5.04,5.75,4.33,-50.00,5.04,5.04
1536,108,417,1500,5.00,5.70,4.31,-50.00,5.00,5.00
1537,108,418,1500,5.03,5.71,4.35,-50.00,5.03,5.03
1538,112,422,1500,4.89,5.60,4.18,-50.00,4.89,4.89
1539,120,430,1500,4.86,5.61,4.12,-50.00,4.86,4.86
1540,122,501,1500,4.95,5.68,4.22,-50.00,4.95,4.95
1541,109,419,1500,4.80,5.57,4.04,-50.00,4.80,4.80
1542,102,412,1500,5.01,5.81,4.21,-50.00,5.01,5.01
1543,119,429,1500,4.95,5.75,4.16,-50.00,4.95,4.95
1544,107,416,1500,5.06,5.89,4.23,-50.00,5.06,5.06
1545,97,407,1500,5.13,5.99,4.28,-50.00,5.13,5.13
1546,112,422,1500,5.18,6.07,4.30,-50.00,5.18,5.18
1547,104,414,1500,5.23,6.17,4.28,-50.00,5.23,5.23
1548,118,427,1500,5.31,6.31,4.31,-50.00,5.31,5.31
1549,117,427,1500,5.33,6.30,4.35,-50.00,5.33,5.33
1550,111,421,1500,5.26,6.22,4.31,-50.00,5.26,5.26
1551,109,419,1500,5.25,6.31,4.18,-50.00,5.25,5.25
1552,104,413,1500,5.24,6.31,4.18,-50.00,5.24,5.24
1553,119,429,1500,5.26,6.33,4.18,-50.00,5.26,5.26
1554,,,1500,5.35,6.45,4.24,-50.00,5.35,5.35
1555,101,411,1500,5.40,6.38,4.42,-50.00,5.40,5.40
1556,120,429,1500,5.51,6.38,4.64,-50.00,5.51,5.51
1557,93,403,1500,5.52,6.38,4.66,-50.00,5.52,5.52
1558,111,421,1500,5.50,6.42,4.59,-50.00,5.50,5.50
1559,96,406,1500,5.70,6.58,4.82,-50.00,5.70,5.70
1560,100,409,1500,5.74,6.66,4.81,-50.00,5.74,5.74
1561,102,412,1500,5.61,6.54,4.68,-50.00,5.61,5.61
1562,99,409,1500,5.73,6.67,4.79,-50.00,5.73,5.73
1563,99,409,1500,5.75,6.76,4.74,-50.00,5.75,5.75
1564,109,418,1500,5.89,6.81,4.96,-50.00,5.89,5.89
1565,114,424,1500,6.08,6.98,5.19,-50.00,6.08,6.08
1566,97,407,1500,6.13,6.98,5.28,-50.00,6.13,6.13
1567,108,418,1500,6.19,7.06,5.32,-50.00,6.19,6.19
1568,106,415,1500,6.13,6.99,5.27,-50.00,6.13,6.13
1569,,,1500,6.24,7.01,5.47,-50.00,6.24,6.24
1570,112,422,1500,6.23,6.97,5.48,-50.00,6.23,6.23
1571,108,418,1500,6.17,6.91,5.44,-50.00,6.17,6.17
1572,107,416,1500,6.31,7.00,5.62,-50.00,6.31,6.31
1573,,,1500,6.17,6.77,5.58,-50.00,6.17,6.17
1574,98,408,1500,6.24,6.84,5.64,-50.00,6.24,6.24
1575,,,1500,6.18,6.71,5.65,-50.00,6.18,6.18
1576,109,418,1500,6.25,6.84,5.66,-50.00,6.25,6.25
1577,100,410,1500,6.29,6.92,5.65,-50.00,6.29,6.29
1578,,,1500,6.13,6.78,5.49,-50.00,6.13,6.13
1579,102,412,1500,6.18,6.96,5.39,-50.00,6.18,6.18
1580,97,406,1500,6.16,6.89,5.43,-50.00,6.16,6.16
1581,105,415,1500,6.28,6.94,5.63,-50.00,6.28,6.28
1582,,,1500,6.09,6.76,5.42,-50.00,6.09,6.09
1583,108,418,1500,6.09,6.76,5.43,-50.00,6.09,6.09
1584,106,415,1500,6.13,6.80,5.46,-50.00,6.13,6.13
1585,105,415,1500,6.16,6.80,5.51,-50.00,6.16,6.16
1586,106,416,1500,6.35,7.04,5.67,-50.00,6.35,6.35
1587,105,415,1500,6.38,7.06,5.71,-50.00,6.38,6.38
1588,106,415,1500,6.47,7.15,5.79,-50.00,6.47,6.47
1589,105,415,1500,6.54,7.22,5.86,-50.00,6.54,6.54
1590,102,412,1500,6.45,7.13,5.77,-50.00,6.45,6.45
1591,94,404,1500,6.44,7.09,5.80,-50.00,6.44,6.44
1592,98,407,1500,6.45,7.10,5.81,-50.00,6.45,6.45
1593,113,423,1500,6.41,7.07,5.75,-50.00,6.41,6.41
1594,93,403,1500,6.37,7.01,5.72,-50.00,6.37,6.37
1595,111,421,1500,6.29,6.95,5.63,-50.00,6.29,6.29
1596,104,413,1500,6.22,6.88,5.55,-50.00,6.22,6.22
1597,114,424,1500,6.43,7.23,5.63,-50.00,6.43,6.43
1598,110,420,1500,6.41,7.18,5.65,-50.00,6.41,6.41
1599,103,413,1500,6.45,7.20,5.70,-50.00,6.45,6.45
1600,101,410,1600,6.40,7.15,5.65,-50.00,6.40,6.40
1601,93,403,1600,6.23,7.08,5.37,-50.00,6.23,6.23
1602,107,417,1600,6.21,7.08,5.35,-50.00,6.21,6.21
1603,99,409,1600,6.25,7.11,5.39,-50.00,6.25,6.25
1604,95,404,1600,6.39,7.26,5.52,-50.00,6.39,6.39
1605,105,415,1600,6.39,7.31,5.48,-50.00,6.39,6.39
1606,106,416,1600,6.32,7.24,5.39,-50.00,6.32,6.32
1607,110,420,1600,6.20,7.08,5.32,-50.00,6.20,6.20
1608,,,1600,6.05,6.94,5.16,-50.00,6.05,6.05
1609,108,418,1600,6.05,6.98,5.13,-50.00,6.05,6.05
1610,110,420,1600,6.05,6.91,5.19,-50.00,6.05,6.05
1611,,,1600,6.16,7.02,5.30,-50.00,6.16,6.16
1612,87,327,1600,6.15,7.04,5.26,-50.00,6.15,6.15
1613,106,416,1600,6.25,7.13,5.37,-50.00,6.25,6.25
1614,103,413,1600,6.22,7.15,5.29,-50.00,6.22,6.22
1615,110,420,1600,6.18,7.16,5.21,-50.00,6.18,6.18
1616,122,501,1600,6.12,7.13,5.11,-50.00,6.12,6.12
1617,107,417,1600,6.03,6.94,5.12,-50.00,6.03,6.03
1618,102,412,1600,6.15,7.06,5.24,-50.00,6.15,6.15
1619,93,403,1600,6.21,7.14,5.27,-50.00,6.21,6.21
1620,,,1600,6.19,7.18,5.20,-50.00,6.19,6.19
1621,109,419,1600,6.22,7.26,5.18,-50.00,6.22,6.22
1622,106,416,1600,6.21,7.24,5.19,-50.00,6.21,6.21
1623,113,423,1600,6.25,7.23,5.28,-50.00,6.25,6.25
1624,112,421,1600,6.22,7.14,5.30,-50.00,6.22,6.22
1625,95,405,1600,6.27,7.18,5.36,-50.00,6.27,6.27
1626,100,410,1600,6.19,7.13,5.25,-50.00,6.19,6.19
1627,,,1600,6.07,7.02,5.12,-50.00,6.07,6.07
1628,104,413,1600,5.78,6.60,4.95,-50.00,5.78,5.78
1629,112,422,1600,5.79,6.62,4.96,-50.00,5.79,5.79
1630,,,1600,5.83,6.67,4.99,-50.00,5.83,5.83
1631,,,1600,6.08,7.06,5.10,-50.00,6.08,6.08
1632,104,413,1600,6.20,7.09,5.31,-50.00,6.20,6.20
1633,98,408,1600,6.23,7.16,5.30,-50.00,6.23,6.23
1634,96,406,1600,6.21,7.13,5.29,-50.00,6.21,6.21
1635,97,407,1600,6.08,6.97,5.20,-50.00,6.08,6.08
1636,,,1600,6.07,6.91,5.22,-50.00,6.07,6.07
1637,105,415,1600,6.09,6.92,5.26,-50.00,6.09,6.09
1638,105,415,1600,6.04,6.89,5.18,-50.00,6.04,6.04
1639,108,418,1600,6.15,7.01,5.29,-50.00,6.15,6.15
1640,103,412,1600,6.26,7.14,5.39,-50.00,6.26,6.26
1641,117,427,1600,6.15,6.95,5.35,-50.00,6.15,6.15
1642,114,424,1600,6.08,6.90,5.27,-50.00,6.08,6.08
1643,114,424,1600,6.04,6.83,5.26,-50.00,6.04,6.04
1644,105,414,1600,6.03,6.84,5.21,-50.00,6.03,6.03
1645,99,409,1600,6.05,6.92,5.18,-50.00,6.05,6.05
1646,87,328,1600,6.17,7.00,5.34,-50.00,6.17,6.17
1647,112,422,1600,6.10,6.92,5.28,-50.00,6.10,6.10
1648,,,1600,6.09,6.91,5.27,-50.00,6.09,6.09
1649,104,414,1600,6.02,6.81,5.24,-50.00,6.02,6.02
1650,102,412,1600,5.86,6.63,5.09,-50.00,5.86,5.86
1651,107,417,1600,5.74,6.49,5.00,-50.00,5.74,5.74
1652,107,416,1600,5.68,6.41,4.96,-50.00,5.68,5.68
1653,112,422,1600,5.63,6.37,4.90,-50.00,5.63,5.63
1654,104,414,1600,5.65,6.38,4.92,-50.00,5.65,5.65
1655,104,414,1600,5.71,6.44,4.97,-50.00,5.71,5.71
1656,103,412,1600,5.58,6.34,4.82,-50.00,5.58,5.58
1657,,,1600,5.64,6.42,4.86,-50.00,5.64,5.64
1658,108,418,1600,5.74,6.53,4.95,-50.00,5.74,5.74
1659,,,1600,5.75,6.65,4.85,-50.00,5.75,5.75
1660,111,420,1600,5.70,6.63,4.76,-50.00,5.70,5.70
1661,93,403,1600,5.66,6.51,4.81,-50.00,5.66,5.66
1662,110,420,1600,5.51,6.12,4.91,-50.00,5.51,5.51
1663,105,415,1600,5.55,6.17,4.94,-50.00,5.55,5.55
1664,105,414,1600,5.48,6.11,4.85,-50.00,5.48,5.48
1665,112,422,1600,5.43,6.05,4.81,-50.00,5.43,5.43
1666,108,418,1600,5.35,5.96,4.74,-50.00,5.35,5.35
1667,112,422,1600,5.38,5.98,4.78,-50.00,5.38,5.38
1668,110,419,1600,5.37,5.98,4.77,-50.00,5.37,5.37
1669,104,414,1600,5.34,6.03,4.65,-50.00,5.34,5.34
1670,102,412,1600,5.32,5.98,4.66,-50.00,5.32,5.32
1671,116,426,1600,5.31,5.94,4.67,-50.00,5.31,5.31
1672,112,421,1600,5.28,5.90,4.67,-50.00,5.28,5.28
1673,105,415,1600,5.22,5.83,4.61,-50.00,5.22,5.22
1674,115,425,1600,5.32,5.95,4.68,-50.00,5.32,5.32
1675,111,421,1600,5.45,6.14,4.76,-50.00,5.45,5.45
1676,103,412,1600,5.53,6.22,4.84,-50.00,5.53,5.53
1677,96,406,1600,5.38,6.05,4.71,-50.00,5.38,5.38
1678,109,419,1600,5.40,6.06,4.75,-50.00,5.40,5.40
1679,114,424,1600,5.37,6.03,4.71,-50.00,5.37,5.37
1680,109,418,1600,5.24,5.91,4.57,-50.00,5.24,5.24
1681,110,420,1600,5.22,5.88,4.56,-50.00,5.22,5.22
1682,104,414,1600,5.19,5.85,4.53,-50.00,5.19,5.19
1683,108,418,1600,5.29,5.96,4.62,-50.00,5.29,5.29
1684,118,427,1600,5.41,6.12,4.70,-50.00,5.41,5.41
1685,106,416,1600,5.30,6.02,4.59,-50.00,5.30,5.30
1686,104,414,1600,5.21,5.92,4.50,-50.00,5.21,5.21
1687,104,414,1600,5.21,5.92,4.50,-50.00,5.21,5.21
1688,114,423,1600,5.29,6.00,4.58,-50.00,5.29,5.29
1689,97,407,1600,5.22,5.94,4.50,-50.00,5.22,5.22
1690,93,403,1600,5.28,6.00,4.55,-50.00,5.28,5.28
1691,103,413,1600,5.24,6.01,4.47,-50.00,5.24,5.24
1692,109,418,1600,5.17,5.93,4.41,-50.00,5.17,5.17
1693,107,417,1600,5.10,5.78,4.42,-50.00,5.10,5.10
1694,109,419,1600,5.13,5.81,4.45,-50.00,5.13,5.13
1695,120,430,1600,5.17,5.88,4.46,-50.00,5.17,5.17
1696,114,423,1600,5.16,5.90,4.42,-50.00,5.16,5.16
1697,111,421,1600,5.16,5.94,4.37,-50.00,5.16,5.16
1698,101,411,1600,5.19,5.95,4.43,-50.00,5.19,5.19
1699,97,407,1600,5.19,5.95,4.43,-50.00,5.19,5.19
1700,116,426,1700,5.27,6.03,4.52,-50.00,5.27,5.27
1701,112,422,1700,5.24,5.99,4.48,-50.00,5.24,5.24
1702,116,426,1700,5.33,6.07,4.58,-50.00,5.33,5.33
1703,103,413,1700,5.37,6.11,4.62,-50.00,5.37,5.37
1704,113,422,1700,5.49,6.23,4.75,-50.00,5.49,5.49
1705,109,419,1700,5.32,6.04,4.59,-50.00,5.32,5.32
1706,115,425,1700,5.32,6.12,4.52,-50.00,5.32,5.32
1707,111,421,1700,5.35,6.24,4.46,-50.00,5.35,5.35
1708,103,412,1700,5.39,6.29,4.49,-50.00,5.39,5.39
1709,106,416,1700,5.47,6.45,4.49,-50.00,5.47,5.47
1710,,,1700,5.49,6.45,4.52,-50.00,5.49,5.49
1711,,,1700,5.51,6.32,4.71,-50.00,5.51,5.51
1712,,,1700,5.53,6.27,4.79,-50.00,5.53,5.53
1713,104,414,1700,5.60,6.32,4.87,-50.00,5.60,5.60
1714,108,418,1700,5.55,6.30,4.80,-50.00,5.55,5.55
1715,107,417,1700,5.47,6.29,4.65,-50.00,5.47,5.47
1716,110,419,1700,5.58,6.33,4.82,-50.00,5.58,5.58
1717,98,408,1700,5.61,6.32,4.91,-50.00,5.61,5.61
1718,102,412,1700,5.70,6.33,5.08,-50.00,5.70,5.70
1719,102,412,1700,5.70,6.36,5.04,-50.00,5.70,5.70
1720,114,423,1700,5.82,6.47,5.18,-50.00,5.82,5.82
1721,95,405,1700,5.86,6.47,5.24,-50.00,5.86,5.86
1722,100,410,1700,6.08,6.74,5.43,-50.00,6.08,6.08
1723,104,414,1700,6.19,6.82,5.56,-50.00,6.19,6.19
1724,99,408,1700,6.12,6.76,5.49,-50.00,6.12,6.12
1725,106,416,1700,6.06,6.73,5.40,-50.00,6.06,6.06
1726,116,426,1700,6.03,6.67,5.38,-50.00,6.03,6.03
1727,112,422,1700,5.98,6.61,5.35,-50.00,5.98,5.98
1728,104,413,1700,5.95,6.56,5.33,-50.00,5.95,5.95
1729,105,415,1700,6.01,6.62,5.39,-50.00,6.01,6.01
1730,,,1700,6.03,6.65,5.42,-50.00,6.03,6.03
1731,104,414,1700,6.01,6.65,5.37,-50.00,6.01,6.01
1732,108,417,1700,6.10,6.73,5.46,-50.00,6.10,6.10
1733,107,417,1700,6.11,6.74,5.49,-50.00,6.11,6.11
1734,102,412,1700,6.13,6.76,5.49,-50.00,6.13,6.13
1735,101,411,1700,6.05,6.69,5.41,-50.00,6.05,6.05
1736,106,415,1700,6.16,6.77,5.55,-50.00,6.16,6.16
1737,93,403,1700,6.01,6.60,5.43,-50.00,6.01,6.01
1738,101,411,1700,6.05,6.68,5.42,-50.00,6.05,6.05
1739,110,420,1700,5.95,6.59,5.30,-50.00,5.95,5.95
1740,115,424,1700,5.76,6.44,5.08,-50.00,5.76,5.76
1741,109,419,1700,5.74,6.42,5.05,-50.00,5.74,5.74
1742,109,419,1700,5.78,6.48,5.09,-50.00,5.78,5.78
1743,108,418,1700,5.89,6.59,5.19,-50.00,5.89,5.89
1744,98,407,1700,5.85,6.55,5.14,-50.00,5.85,5.85
1745,105,415,1700,5.86,6.56,5.17,-50.00,5.86,5.86
1746,110,420,1700,6.01,6.73,5.28,-50.00,6.01,6.01
1747,101,411,1700,5.99,6.71,5.26,-50.00,5.99,5.99
1748,96,405,1700,5.95,6.69,5.21,-50.00,5.95,5.95
1749,100,410,1700,6.04,6.78,5.29,-50.00,6.04,6.04
1750,110,420,1700,6.00,6.74,5.25,-50.00,6.00,6.00
1751,103,413,1700,5.89,6.64,5.13,-50.00,5.89,5.89
1752,110,419,1700,5.94,6.69,5.18,-50.00,5.94,5.94
1753,96,406,1700,5.71,6.46,4.97,-50.00,5.71,5.71
1754,115,425,1700,5.67,6.41,4.94,-50.00,5.67,5.67
1755,120,430,1700,5.72,6.45,4.99,-50.00,5.72,5.72
1756,109,418,1700,5.82,6.53,5.11,-50.00,5.82,5.82
1757,112,422,1700,5.85,6.56,5.13,-50.00,5.85,5.85
1758,101,411,1700,5.93,6.64,5.21,-50.00,5.93,5.93
1759,109,419,1700,5.91,6.64,5.18,-50.00,5.91,5.91
1760,103,412,1700,5.90,6.61,5.18,-50.00,5.90,5.90
1761,89,330,1700,5.87,6.59,5.16,-50.00,5.87,5.87
1762,106,416,1700,5.93,6.64,5.21,-50.00,5.93,5.93
1763,112,422,1700,5.83,6.55,5.12,-50.00,5.83,5.83
1764,98,407,1700,5.83,6.56,5.10,-50.00,5.83,5.83
1765,106,416,1700,5.75,6.48,5.02,-50.00,5.75,5.75
1766,113,423,1700,5.93,6.75,5.12,-50.00,5.93,5.93
1767,101,411,1700,5.88,6.69,5.07,-50.00,5.88,5.88
1768,117,426,1700,5.94,6.74,5.14,-50.00,5.94,5.94
1769,105,415,1700,5.86,6.68,5.04,-50.00,5.86,5.86
1770,105,415,1700,5.92,6.67,5.17,-50.00,5.92,5.92
1771,104,414,1700,6.04,6.71,5.38,-50.00,6.04,6.04
1772,106,415,1700,6.08,6.74,5.42,-50.00,6.08,6.08
1773,100,410,1700,6.10,6.76,5.45,-50.00,6.10,6.10
1774,110,420,1700,6.05,6.70,5.41,-50.00,6.05,6.05
1775,99,409,1700,5.97,6.70,5.24,-50.00,5.97,5.97
1776,108,417,1700,6.00,6.72,5.29,-50.00,6.00,6.00
1777,104,414,1700,5.89,6.51,5.26,-50.00,5.89,5.89
1778,111,421,1700,5.89,6.51,5.26,-50.00,5.89,5.89
1779,96,406,1700,5.96,6.57,5.35,-50.00,5.96,5.96
1780,109,418,1700,5.82,6.43,5.21,-50.00,5.82,5.82
1781,91,401,1700,5.85,6.46,5.24,-50.00,5.85,5.85
1782,109,419,1700,6.00,6.61,5.38,-50.00,6.00,6.00
1783,103,413,1700,5.91,6.53,5.29,-50.00,5.91,5.91
1784,105,414,1700,6.04,6.62,5.46,-50.00,6.04,6.04
1785,108,418,1700,6.06,6.64,5.48,-50.00,6.06,6.06
1786,106,416,1700,6.06,6.64,5.48,-50.00,6.06,6.06
1787,105,415,1700,6.13,6.74,5.53,-50.00,6.13,6.13
1788,109,418,1700,6.10,6.71,5.49,-50.00,6.10,6.10
1789,106,416,1700,6.06,6.67,5.46,-50.00,6.06,6.06
1790,119,429,1700,6.22,6.87,5.57,-50.00,6.22,6.22
1791,99,409,1700,6.09,6.75,5.43,-50.00,6.09,6.09
1792,101,410,1700,6.02,6.71,5.32,-50.00,6.02,6.02
1793,106,416,1700,6.07,6.77,5.37,-50.00,6.07,6.07
1794,104,414,1700,6.11,6.80,5.41,-50.00,6.11,6.11
1795,113,423,1700,6.07,6.74,5.39,-50.00,6.07,6.07
1796,103,412,1700,6.06,6.74,5.38,-50.00,6.06,6.06
1797,97,407,1700,5.79,6.46,5.13,-50.00,5.79,5.79
1798,110,420,1700,5.81,6.48,5.14,-50.00,5.81,5.81
1799,103,413,1700,5.72,6.41,5.03,-50.00,5.72,5.72
1800,103,413,1800,5.66,6.37,4.96,-50.00,5.66,5.66
1801,105,415,1800,5.71,6.41,5.01,-50.00,5.71,5.71
1802,96,406,1800,5.67,6.39,4.96,-50.00,5.67,5.67
1803,110,420,1800,5.66,6.37,4.95,-50.00,5.66,5.66
1804,104,413,1800,5.69,6.41,4.98,-50.00,5.69,5.69
1805,93,403,1800,5.79,6.52,5.07,-50.00,5.79,5.79
1806,114,424,1800,5.88,6.60,5.16,-50.00,5.88,5.88
1807,116,426,1800,5.85,6.54,5.17,-50.00,5.85,5.85
1808,98,407,1800,5.81,6.48,5.13,-50.00,5.81,5.81
1809,107,417,1800,5.79,6.47,5.11,-50.00,5.79,5.79
1810,100,410,1800,5.70,6.41,4.99,-50.00,5.70,5.70
1811,110,420,1800,5.74,6.47,5.00,-50.00,5.74,5.74
1812,120,429,1800,5.76,6.47,5.05,-50.00,5.76,5.76
1813,107,417,1800,5.62,6.30,4.93,-50.00,5.62,5.62
1814,113,423,1800,5.60,6.32,4.88,-50.00,5.60,5.60
1815,111,421,1800,5.58,6.28,4.88,-50.00,5.58,5.58
1816,103,412,1800,5.48,6.20,4.76,-50.00,5.48,5.48
1817,110,420,1800,5.41,6.15,4.66,-50.00,5.41,5.41
1818,106,416,1800,5.31,5.98,4.64,-50.00,5.31,5.31
1819,106,416,1800,5.30,5.99,4.61,-50.00,5.30,5.30
1820,95,404,1800,5.23,5.92,4.53,-50.00,5.23,5.23
1821,109,419,1800,5.05,5.64,4.46,-50.00,5.05,5.05
1822,102,412,1800,5.07,5.68,4.47,-50.00,5.07,5.07
1823,106,416,1800,5.14,5.76,4.51,-50.00,5.14,5.14
1824,108,417,1800,4.94,5.57,4.32,-50.00,4.94,4.94
1825,114,424,1800,4.96,5.57,4.36,-50.00,4.96,4.96
1826,109,419,1800,4.90,5.45,4.35,-50.00,4.90,4.90
1827,100,410,1800,5.03,5.62,4.44,-50.00,5.03,5.03
1828,113,422,1800,5.15,5.71,4.58,-50.00,5.15,5.15
1829,112,422,1800,5.15,5.71,4.60,-50.00,5.15,5.15
1830,105,415,1800,5.25,5.82,4.69,-50.00,5.25,5.25
1831,114,424,1800,5.37,5.96,4.79,-50.00,5.37,5.37
1832,113,422,1800,5.34,5.92,4.76,-50.00,5.34,5.34
1833,107,417,1800,5.41,6.00,4.82,-50.00,5.41,5.41
1834,111,421,1800,5.46,6.09,4.84,-50.00,5.46,5.46
1835,112,422,1800,5.44,6.06,4.82,-50.00,5.44,5.44
1836,112,421,1800,5.37,6.03,4.72,-50.00,5.37,5.37
1837,111,421,1800,5.34,5.97,4.71,-50.00,5.34,5.34
1838,109,419,1800,5.34,6.02,4.65,-50.00,5.34,5.34
1839,120,430,1800,5.38,6.11,4.64,-50.00,5.38,5.38
1840,105,414,1800,5.44,6.22,4.66,-50.00,5.44,5.44
1841,107,417,1800,5.47,6.17,4.77,-50.00,5.47,5.47
1842,96,406,1800,5.48,6.16,4.79,-50.00,5.48,5.48
1843,106,416,1800,5.44,6.18,4.71,-50.00,5.44,5.44
1844,106,415,1800,5.47,6.14,4.80,-50.00,5.47,5.47
1845,102,412,1800,5.46,6.08,4.84,-50.00,5.46,5.46
1846,98,408,1800,5.50,6.18,4.83,-50.00,5.50,5.50
1847,107,417,1800,5.48,6.10,4.86,-50.00,5.48,5.48
1848,102,411,1800,5.44,6.05,4.82,-50.00,5.44,5.44
1849,100,410,1800,5.45,6.07,4.84,-50.00,5.45,5.45
1850,109,419,1800,5.58,6.23,4.94,-50.00,5.58,5.58
1851,102,412,1800,5.67,6.32,5.03,-50.00,5.67,5.67
1852,113,422,1800,5.77,6.41,5.14,-50.00,5.77,5.77
1853,102,412,1800,5.84,6.47,5.21,-50.00,5.84,5.84
1854,102,412,1800,5.87,6.50,5.25,-50.00,5.87,5.87
1855,101,411,1800,6.06,6.64,5.48,-50.00,6.06,6.06
1856,111,420,1800,6.07,6.65,5.49,-50.00,6.07,6.07
1857,108,418,1800,6.08,6.69,5.48,-50.00,6.08,6.08
1858,104,414,1800,6.01,6.58,5.45,-50.00,6.01,6.01
1859,110,420,1800,6.00,6.57,5.43,-50.00,6.00,6.00
1860,113,422,1800,6.03,6.60,5.46,-50.00,6.03,6.03
1861,100,410,1800,5.94,6.52,5.36,-50.00,5.94,5.94
1862,117,427,1800,5.89,6.45,5.33,-50.00,5.89,5.89
1863,118,428,1800,5.95,6.52,5.38,-50.00,5.95,5.95
1864,105,414,1800,5.96,6.54,5.37,-50.00,5.96,5.96
1865,97,407,1800,5.86,6.44,5.28,-50.00,5.86,5.86
1866,102,412,1800,5.83,6.41,5.26,-50.00,5.83,5.83
1867,101,411,1800,5.88,6.50,5.26,-50.00,5.88,5.88
1868,104,413,1800,5.93,6.51,5.35,-50.00,5.93,5.93
1869,105,415,1800,5.86,6.44,5.28,-50.00,5.86,5.86
1870,99,409,1800,5.76,6.35,5.17,-50.00,5.76,5.76
1871,104,414,1800,5.69,6.28,5.11,-50.00,5.69,5.69
1872,,,1800,5.71,6.29,5.14,-50.00,5.71,5.71
1873,104,414,1800,5.72,6.29,5.15,-50.00,5.72,5.72
1874,107,417,1800,5.67,6.25,5.10,-50.00,5.67,5.67
1875,103,413,1800,5.79,6.38,5.20,-50.00,5.79,5.79
1876,111,420,1800,5.92,6.50,5.33,-50.00,5.92,5.92
1877,104,414,1800,5.78,6.39,5.17,-50.00,5.78,5.78
1878,101,411,1800,5.86,6.46,5.25,-50.00,5.86,5.86
1879,102,412,1800,6.04,6.64,5.45,-50.00,6.04,6.04
1880,110,419,1800,6.02,6.65,5.40,-50.00,6.02,6.02
1881,112,422,1800,5.94,6.51,5.37,-50.00,5.94,5.94
1882,97,407,1800,5.90,6.45,5.35,5.61,5.90,5.90
1883,107,417,1800,5.83,6.37,5.30,5.74,5.83,5.83
1884,109,418,1800,5.88,6.42,5.35,5.76,5.88,5.88
1885,113,423,1800,5.91,6.45,5.38,5.85,5.91,5.91
1886,108,418,1800,5.88,6.42,5.34,5.90,5.88,5.88
1887,109,419,1800,5.94,6.52,5.35,5.91,5.94,5.94
1888,107,416,1800,6.01,6.62,5.41,5.94,6.01,6.01
1889,109,419,1800,5.97,6.57,5.38,6.00,5.97,5.97
1890,98,408,1800,5.99,6.58,5.41,6.05,5.99,5.99
1891,99,409,1800,5.97,6.57,5.38,6.09,5.97,5.97
1892,115,424,1800,6.05,6.61,5.48,6.11,6.05,6.05
1893,109,419,1800,6.07,6.65,5.48,6.13,6.07,6.07
1894,98,408,1800,6.00,6.59,5.41,6.13,6.00,6.00
1895,,,1800,5.98,6.58,5.37,6.10,5.98,5.98
1896,106,415,1800,6.09,6.71,5.46,6.16,6.09,6.09
1897,106,416,1800,6.15,6.72,5.58,6.24,6.15,6.15
1898,108,418,1800,6.09,6.69,5.49,6.21,6.09,6.09
1899,99,409,1800,6.14,6.74,5.54,6.32,6.14,6.14
1900,102,412,1900,6.20,6.79,5.62,6.31,6.20,6.20
1901,102,412,1900,6.22,6.72,5.71,6.35,6.22,6.22
1902,98,408,1900,6.27,6.76,5.77,6.32,6.27,6.27
1903,99,409,1900,6.31,6.78,5.84,6.36,6.31,6.31
1904,108,417,1900,6.35,6.83,5.87,6.36,6.35,6.35
1905,105,415,1900,6.40,6.86,5.93,6.38,6.40,6.40
1906,105,415,1900,6.34,6.81,5.87,6.27,6.34,6.34
1907,103,413,1900,6.33,6.82,5.85,6.21,6.33,6.33
1908,102,411,1900,6.51,6.94,6.08,6.32,6.51,6.51
1909,108,418,1900,6.48,6.92,6.04,6.28,6.49,6.48
1910,104,414,1900,6.38,6.81,5.95,6.21,6.39,6.38
1911,98,408,1900,6.33,6.76,5.90,6.17,6.34,6.33
1912,105,414,1900,6.32,6.77,5.86,6.22,6.32,6.32
1913,103,413,1900,6.30,6.79,5.82,6.22,6.29,6.30
1914,102,412,1900,6.35,6.85,5.86,6.24,6.32,6.35
1915,102,412,1900,6.40,6.86,5.95,6.28,6.35,6.40
1916,112,421,1900,6.37,6.83,5.92,6.33,6.31,6.37
1917,103,413,1900,6.34,6.80,5.89,6.35,6.25,6.34
1918,104,414,1900,6.27,6.70,5.84,6.26,6.17,6.27
1919,,,1900,6.22,6.63,5.81,6.16,6.10,6.22
1920,104,413,1900,6.28,6.69,5.87,6.18,6.15,6.28
1921,,,1900,6.22,6.67,5.78,6.12,6.07,6.22
1922,101,411,1900,6.27,6.72,5.82,6.14,6.11,6.27
1923,97,407,1900,6.32,6.77,5.86,6.26,6.14,6.32
1924,111,420,1900,6.30,6.75,5.84,6.28,6.10,6.30
1925,108,418,1900,6.28,6.75,5.81,6.30,6.06,6.28
1926,108,418,1900,6.32,6.79,5.84,6.40,6.08,6.30
1927,107,417,1900,6.32,6.83,5.82,6.47,6.06,6.29
1928,107,416,1900,6.36,6.87,5.85,6.44,6.08,6.30
1929,103,413,1900,6.38,6.92,5.85,6.47,6.08,6.30
1930,95,405,1900,6.38,6.94,5.81,6.40,6.06,6.29
1931,105,415,1900,6.42,7.05,5.79,6.41,6.08,6.32
1932,105,414,1900,6.47,7.01,5.93,6.43,6.11,6.36
1933,106,416,1900,6.47,7.03,5.92,6.44,6.10,6.36
1934,104,414,1900,6.44,6.98,5.90,6.41,6.06,6.33
1935,102,412,1900,6.50,7.04,5.96,6.38,6.11,6.38
1936,111,420,1900,6.55,7.12,5.98,6.39,6.15,6.41
1937,100,410,1900,6.55,7.09,6.02,6.44,6.14,6.39
1938,98,408,1900,6.55,7.11,6.00,6.53,6.13,6.35
1939,104,414,1900,6.55,7.17,5.93,6.51,6.11,6.31
1940,110,419,1900,6.68,7.27,6.08,6.67,6.22,6.41
1941,100,410,1900,6.76,7.34,6.18,6.77,6.27,6.46
1942,96,406,1900,6.80,7.33,6.27,6.76,6.29,6.47
1943,101,411,1900,6.88,7.39,6.36,6.81,6.34,6.52
1944,100,409,1900,7.02,7.60,6.45,6.89,6.46,6.63
1945,,,1900,7.10,7.71,6.49,6.99,6.52,6.68
1946,97,407,1900,7.06,7.72,6.40,6.98,6.46,6.61
1947,107,417,1900,7.09,7.71,6.46,7.00,6.48,6.62
1948,102,411,1900,7.12,7.72,6.53,7.04,6.49,6.63
1949,107,417,1900,7.19,7.76,6.62,7.08,6.55,6.67
1950,99,409,1900,7.13,7.67,6.60,7.08,6.48,6.59
1951,98,408,1900,7.18,7.73,6.63,7.14,6.51,6.62
1952,105,414,1900,7.31,7.80,6.83,7.24,6.62,6.72
1953,101,411,1900,7.32,7.82,6.83,7.26,6.61,6.71
1954,98,408,1900,7.29,7.79,6.79,7.19,6.55,6.65
1955,97,407,1900,7.27,7.75,6.79,7.14,6.51,6.60
1956,99,408,1900,7.39,7.82,6.95,7.17,6.60,6.69
1957,103,413,1900,7.40,7.83,6.96,7.21,6.58,6.66
1958,99,409,1900,7.38,7.82,6.94,7.14,6.53,6.60
1959,92,402,1900,7.40,7.84,6.95,7.17,6.53,6.58
1960,95,404,1900,7.39,7.84,6.95,7.22,6.49,6.53
1961,99,409,1900,7.41,7.84,6.98,7.26,6.49,6.50
1962,102,412,1900,7.45,7.94,6.97,7.35,6.51,6.49
1963,101,411,1900,7.48,7.92,7.05,7.42,6.52,6.48
1964,99,408,1900,7.53,7.97,7.09,7.47,6.55,6.47
1965,110,420,1900,7.58,7.98,7.18,7.53,6.58,6.46
1966,97,407,1900,7.58,7.98,7.18,7.58,6.57,6.42
1967,97,407,1900,7.63,8.06,7.20,7.62,6.61,6.43
1968,99,408,1900,7.68,8.09,7.27,7.65,6.64,6.45
1969,101,411,1900,7.61,8.06,7.16,7.54,6.56,6.36
1970,107,417,1900,7.60,8.05,7.15,7.56,6.53,6.33
1971,98,408,1900,7.55,8.00,7.10,7.52,6.47,6.26
1972,99,408,1900,7.59,8.05,7.14,7.52,6.50,6.28
1973,97,407,1900,7.56,8.05,7.08,7.59,6.47,6.22
1974,99,409,1900,7.63,8.11,7.14,7.61,6.54,6.27
1975,100,410,1900,7.67,8.22,7.12,7.62,6.57,6.29
1976,99,408,1900,7.65,8.22,7.07,7.64,6.55,6.25
1977,93,403,1900,7.70,8.31,7.09,7.69,6.59,6.28
1978,104,414,1900,7.75,8.35,7.14,7.70,6.63,6.32
1979,97,407,1900,7.76,8.36,7.17,7.70,6.62,6.32
1980,102,411,1900,7.76,8.35,7.17,7.77,6.61,6.30
1981,99,409,1900,7.83,8.32,7.33,7.84,6.67,6.35
1982,93,403,1900,7.83,8.33,7.32,7.86,6.66,6.33
1983,99,409,1900,7.89,8.46,7.32,7.93,6.71,6.37
1984,109,418,1900,7.94,8.54,7.34,7.99,6.76,6.40
1985,99,409,1900,7.95,8.52,7.37,8.01,6.77,6.38
1986,102,412,1900,8.05,8.57,7.53,8.13,6.87,6.47
1987,95,405,1900,8.12,8.69,7.55,8.22,6.95,6.52
1988,106,415,1900,8.13,8.69,7.57,8.17,6.98,6.52
1989,93,403,1900,8.18,8.78,7.58,8.21,7.04,6.57
1990,88,329,1900,8.18,8.76,7.60,8.24,7.05,6.57
1991,97,407,1900,8.20,8.77,7.63,8.24,7.08,6.59
1992,94,403,1900,8.22,8.78,7.66,8.26,7.11,6.62
1993,97,407,1900,8.20,8.78,7.61,8.29,7.09,6.60
1994,99,409,1900,8.28,8.83,7.73,8.33,7.18,6.69
1995,99,409,1900,8.30,8.86,7.74,8.35,7.21,
1996,103,412,1900,,,,,,
1997,97,407,1900,,,,,,
1998,91,401,1900,,,,,,
1999,94,404,1900,,,,,,
2000,100,409,2000,,,,,,
2001,96,406,2000,,,,,,
2002,91,401,2000,,,,,,
2003,98,408,2000,,,,,,
2004,92,401,2000,,,,,,
2005,99,409,2000,,,,,,
2006,98,408,2000,,,,,,
2007,97,407,2000,,,,,,
2008,95,404,2000,,,,,,
2009,95,405,2000,,,,,,
2010,95,405,2000,,,,,,
2011,99,409,2000,,,,,,
2012,101,410,2000,,,,,,
2013,93,403,2000,,,,,,
2014,94,404,2000,,,,,,
2015,93,403,2000,,,,,,
2016,,404,2000,,,,,,
2017,,409,2000,,,,,,
2018,,330,2000,,,,,,
2019,,405,2000,,,,,,
2020,,401,2000,,,,,,
2021,,326,2000,,,,,,